8453,2022-04-06 23:59:59,eachday
2187,2020-09-02 4:00,
2195,2020-09-02 4:00,
2196,2020-09-02 4:00,
2197,2020-09-02 4:00,
2199,2020-09-02 4:00,
2504,2020-09-02 5:00,
2523,2020-12-23 4:00,
2189,2020-10-07 4:00,
2091,2020-10-07 4:00,
2080,2020-10-28 4:00,
2509,2021-04-07 4:00,
2505,2021-04-07 4:00,
2506,2021-04-07 4:00,
2507,2021-04-07 4:00,
2508,2021-04-07 4:00,
2222,2020-11-11 4:00,
2526,2020-11-25 4:00,
2527,2020-11-25 4:00,
2528,2020-11-25 4:00,
2556,2021-07-28 4:00,
8531,2021-08-11 4:00,
8524,2021-10-27 4:00,
2577,2021-09-23 4:00,
247,2021-09-23 4:00,
2633,2021-10-13 4:00,
2636,2021-12-01 4:00,
2626,2021-12-15 4:00,
2649,2022-02-16 4:00,
2651,2022-04-06 4:00,
2617,2022-03-10 4:00,
2659,2022-03-10 4:00,
2667,2022-05-18 4:00,
2624,2022-05-18 4:00,
2517,2022-06-02 4:00,
2670,2022-06-29 4:00,
2671,2022-06-29 4:00,
2672,2022-06-29 4:00,
2673,2022-06-29 4:00,
2674,2022-06-29 4:00,
2525,2022-07-13 4:00,
2593,2022-07-13 4:00,
2679,2022-08-10 4:00,
2618,2022-09-07 4:00,
2680,2022-09-07 4:00,
2668,2022-09-14 4:00,
2684,2022-10-05 4:00,
2640,2022-10-19 4:00,
2642,2022-11-02 4:00,
251,2022-11-02 4:00,
2641,2022-11-30 4:00,
2612,2023-01-11 4:00,
2693,2023-02-08 4:00,
2648,2023-03-02 4:00,
174,2023-02-22 4:00,
2014,2023-04-05 4:00,
2015,2023-04-05 4:00,
2016,2023-04-05 4:00,
2514,2023-04-05 4:00,
2709,2023-04-19 4:00,
2712,2023-05-03 04:00,
2720,2023-08-09 04:00:00,
2718,2023-08-09 04:00:00,
2722,2023-07-26 04:00:00,
2724,2023-09-06 04:00,
8126,2023-08-23 04:00,
2725,2023-09-20 04:00,
2726,2023-09-06 04:00,
2727,2023-09-06 04:00,
2728,2023-09-06 04:00,
2730,2023-10-04 04:00,
2620,2024-01-24 04:00,
2731,2023-11-15 04:01,
2634,2023-11-01 04:00,
;231101
2734,2023-11-15 04:00,
2735,2023-11-15 04:00,
2736,2023-11-15 04:00,
;231213
2555,2023-12-27 04:00:00,
2737,2023-12-27 04:00:00,
2738,2024-01-17 04:00:00,
2739,2024-01-17 04:00:00,
2740,2024-01-17 04:00:00,
2741,2024-01-17 04:00:00,
2742,2024-01-17 04:00:00,
;231227
2750,2024-03-13 04:00:00,

2751,2024-01-31 04:00:00,
;240124
2758,2024-02-21 04:00:00,
;240206
;복주머니
2608,2024-02-27 04:00,
;에픽관련
289	,2024-03-20 04:00,
290	,2024-03-20 04:00,
291	,2024-03-20 04:00,
292	,2024-03-20 04:00,
293	,2024-03-20 04:00,
294	,2024-03-20 04:00,
295	,2024-03-20 04:00,
296	,2024-03-20 04:00,
2616,2024-03-20 04:00,
2619,2024-03-20 04:00,
;240313
2771,2024-04-04 00:00:00,
;240320
2773,2024-04-17 04:00:00,
;240403
;240417
2775,2024-04-30 04:00:00,
;240430
2774,2024-08-07 04:00:00,
2516,2024-05-15 04:00:00,


;
;240612
8114,2024-06-26 04:00:00,
9053,2024-07-10 04:00:00,

;240627
8898,2024-08-07 04:00,
2729,2024-08-07 04:00,
2792,2024-08-07 04:00,
2784,2024-07-24 04:00,


;240711
2696,2024-09-04 04:00,
2697,2024-09-04 04:00,
2698,2024-09-04 04:00,
2721,2024-09-04 04:00,
2596,2024-09-04 04:00,
2597,2024-09-04 04:00,
2598,2024-09-04 04:00,
2766,2024-09-04 04:00,
2623,2024-09-04 04:00,
2653,2024-09-04 04:00,
2681,2024-09-04 04:00,
2683,2024-09-04 04:00,
2682,2024-09-04 04:00,
2764,2024-09-04 04:00,
2705,2024-09-04 04:00,
2765,2024-09-04 04:00,
2794,2024-09-04 04:00,
2793,2024-09-04 04:00,
2762,2024-09-04 04:00,
2699,2024-09-04 04:00,
2621,2024-09-04 04:00,
2654,2024-09-04 04:00,
2655,2024-09-04 04:00,
2656,2024-09-04 04:00,
2657,2024-09-04 04:00,
2777,2024-08-07 04:00,
2778,2024-08-07 04:00,
2768,2024-09-04 04:00,


;240808
2530,2024-08-21 04:00:00,
8578,2024-08-21 04:00:00,
;240821
8312,2024-09-19 04:00:00,

;240904
2754,2024-12-11 04:00,
2755,2024-12-11 04:00,
2756,2024-12-11 04:00,
2757,2024-12-11 04:00,
2759,2024-12-24 04:00,
2760,2024-12-24 04:00,
2563,2024-12-24 04:00
2752,2024-10-02 04:00,
2817,2024-10-23 04:00
9116,2024-10-23 04:00
2818,2024-10-02 04:00,
2819,2024-10-02 04:00,

;241002
2599,2024-11-13 04:00,
2782,2024-11-06 04:00,

;241023
8293,2024-11-27 04:00:00,